funcionario_id;nome;cargo;data_contratacao
1;Ana Souza;Assistente Comercial;2022-04-06
2;Carlos Lima;Vendedor;2022-08-12
3;Mariana Costa;Vendedor;2022-08-27
4;Lucas Rocha;Assistente Comercial;2023-06-02
5;Beatriz Mendes;Caixa;2023-09-09
6;Gabriel Santos;Vendedor Sênior;2022-01-28
7;Juliana Oliveira;Vendedor Sênior;2023-07-29
8;Rafael Almeida;Vendedor Sênior;2022-07-23
9;Fernanda Lima;Assistente Comercial;2024-01-04
10;Bruno Ribeiro;Vendedor;2023-10-28
11;Camila Martins;Assistente Comercial;2023-12-20
12;Thiago Barbosa;Assistente Comercial;2023-07-13
13;Larissa Cardoso;Gerente de Contas;2023-03-06
14;Matheus Araujo;Vendedor;2022-08-14
15;Amanda Carvalho;Gerente de Contas;2023-04-05
16;Rodrigo Dias;Atendente;2023-08-27
17;Patricia Ramos;Vendedor;2022-10-12
18;Diego Fernandes;Vendedor;2022-01-07
